CREATE TABLE IF NOT EXISTS "concepto" (
	"id_concepto"	integer,
	"id_seccion_informacion"	integer,
	"nombre_concepto"	text NOT NULL,
	"definicion_concepto"	text NOT NULL,
	FOREIGN KEY("id_seccion_informacion") REFERENCES "seccion_informacion"("id_seccion_informacion"),
	PRIMARY KEY("id_concepto" AUTOINCREMENT)
);
CREATE TABLE IF NOT EXISTS "dato_curioso" (
	"id_dato_curioso"	integer,
	"id_seccion_informacion"	integer,
	"dato_curioso"	text NOT NULL,
	FOREIGN KEY("id_seccion_informacion") REFERENCES "seccion_informacion"("id_seccion_informacion"),
	PRIMARY KEY("id_dato_curioso" AUTOINCREMENT)
);
CREATE TABLE IF NOT EXISTS "planta" (
	"id_planta"	integer,
	"id_tipo_planta"	integer,
	"nombre_comun"	text NOT NULL,
	"familia"	text NOT NULL,
	"nombre_cientifico"	text NOT NULL,
	"rango_altura_planta"	text NOT NULL,
	"rango_altura_hoja"	text NOT NULL,
	"rango_anchura_hoja"	text NOT NULL,
	"origen"	text NOT NULL,
	"interaccion"	text NOT NULL,
	FOREIGN KEY("id_tipo_planta") REFERENCES "tipo_planta"("id_tipo_planta"),
	PRIMARY KEY("id_planta" AUTOINCREMENT)
);
CREATE TABLE IF NOT EXISTS "periodo_fruto_flor" (
	"id_periodo"	integer,
	"id_planta"	integer,
	"tipo_periodo"	text NOT NULL,
	"mes"	integer NOT NULL,
	FOREIGN KEY("id_planta") REFERENCES "planta"("id_planta"),
	PRIMARY KEY("id_periodo" AUTOINCREMENT)
);
CREATE TABLE IF NOT EXISTS "especie_abeja" (
	"id_especie_abeja"	integer,
	"id_abeja_grupo"	integer,
	"nombre_comun"	text NOT NULL,
	"nombre_cientifico"	text NOT NULL,
	"nombre_descubridor"	text NOT NULL,
	"fecha_descubrimiento"	text NOT NULL,
	"distribucion"	text NOT NULL,
	"datos_curiosos"	text NOT NULL,
	"aprovechamiento"	text NOT NULL,
	FOREIGN KEY("id_abeja_grupo") REFERENCES "abeja_grupo"("id_abeja_grupo"),
	PRIMARY KEY("id_especie_abeja" AUTOINCREMENT)
);
CREATE TABLE IF NOT EXISTS "relacion_abeja_planta" (
	"id_relacion_abeja_planta"	integer,
	"id_planta"	integer,
	"id_especie_abeja"	integer,
	FOREIGN KEY("id_planta") REFERENCES "planta"("id_planta"),
	FOREIGN KEY("id_especie_abeja") REFERENCES "especie_abeja"("id_especie_abeja"),
	PRIMARY KEY("id_relacion_abeja_planta" AUTOINCREMENT)
);
CREATE TABLE IF NOT EXISTS "descargable" (
	"id_descargable"	integer,
	"tipo_descargable"	text NOT NULL,
	"nombre_archivo"	text NOT NULL,
	"ruta_archivo"	text,
	PRIMARY KEY("id_descargable" AUTOINCREMENT)
);
CREATE TABLE IF NOT EXISTS "tipo_planta" (
	"id_tipo_planta"	integer,
	"nombre_tipo_planta"	text NOT NULL,
	"ruta_imagen_tipo_planta"	text,
	PRIMARY KEY("id_tipo_planta" AUTOINCREMENT)
);
CREATE TABLE IF NOT EXISTS "seccion_informacion" (
	"id_seccion_informacion"	integer,
	"nombre_seccion"	text NOT NULL,
	"ruta_imagen_seccion"	text,
	PRIMARY KEY("id_seccion_informacion" AUTOINCREMENT)
);
CREATE TABLE IF NOT EXISTS "imagen_planta" (
	"id_imagen_planta"	integer,
	"id_planta"	integer,
	"ruta_imagen_planta"	text,
	"ruta_imagen_planta_menu"	text,
	"creditos_imagen_planta"	text,
	FOREIGN KEY("id_planta") REFERENCES "planta"("id_planta"),
	PRIMARY KEY("id_imagen_planta" AUTOINCREMENT)
);
CREATE TABLE IF NOT EXISTS "imagen_especie_abeja" (
	"id_imagen_especie_abeja"	integer,
	"id_especie_abeja"	integer,
	"ruta_imagen_especie_abeja"	text,
	"ruta_imagen_especie_abeja_menu"	text,
	"creditos_imagen_especie_abeja"	text,
	FOREIGN KEY("id_especie_abeja") REFERENCES "especie_abeja"("id_especie_abeja"),
	PRIMARY KEY("id_imagen_especie_abeja" AUTOINCREMENT)
);
CREATE TABLE IF NOT EXISTS "abeja_grupo" (
	"id_abeja_grupo"	integer,
	"nombre_abeja_grupo"	text NOT NULL,
	"familia"	text NOT NULL,
	"tribu"	text NOT NULL,
	"origen"	text NOT NULL,
	"comportamiento"	text NOT NULL,
	"caracteristicas"	text NOT NULL,
	"ruta_imagen_grupo_menu"	text,
	PRIMARY KEY("id_abeja_grupo" AUTOINCREMENT)
);
CREATE TABLE IF NOT EXISTS "polinizacion" (
	"id_polinizacion"	integer,
	"descripcion_proceso"	text NOT NULL,
	"ruta_imagen_polinizacion"	text,
	PRIMARY KEY("id_polinizacion" AUTOINCREMENT)
);
CREATE TABLE IF NOT EXISTS "juego_ahorcado" (
	"id_juego_ahorcado"	integer,
	"acertijo_juego_ahorcado"	text NOT NULL,
	"respuesta_acertijo_juego_ahorcado"	text NOT NULL,
	PRIMARY KEY("id_juego_ahorcado" AUTOINCREMENT)
);
CREATE TABLE IF NOT EXISTS "actualizacion_bd" (
	"id_actualizacion"	integer,
	"fecha_actualizacion"	date NOT NULL,
	PRIMARY KEY("id_actualizacion" AUTOINCREMENT)
);

/* primer valor, representa el id del tipo de planta*/
INSERT or IGNORE INTO "tipo_planta" VALUES (1,'Arbusto', '/assets/tipo_planta/arbusto_1.png');
INSERT or IGNORE INTO "tipo_planta" VALUES (2,'Árbol', '/assets/tipo_planta/arbol_1.png');

/* Primer valor, representa id de planta y segundo el tipo de planta*/
INSERT or IGNORE INTO "planta" VALUES (1,2,'Chinini ó Pahua','Lauraceae','Persea schiedeana Nees','30','10-30','5-20','Planta nativa se encuentra desde México hasta Panamá','Sus flores son visitadas por abejas nativas como Scaptotrigona mexicana (la negrita) y por Apis mellifera (abeja mielera)');
INSERT or IGNORE INTO "planta" VALUES (2,2,'Jonote','Malvaceae','Heliocarpus appendiculatus Turcz','20','16','14','Planta nativa, se encuentra de México a Centroamérica','Es visitado por abejas melíferas o nativas');
INSERT or IGNORE INTO "planta" VALUES (3,2,'Café','Rubiaceae','Coffea arabica L.','3','10-15','4-6','Planta introducida, originaria de África.','sus flores son visitadas por abejas nativas del grupo meliponini y por Apis mellifera.');
INSERT or IGNORE INTO "planta" VALUES (4,1,'Albahaca','Lamiaceae','Ocimun basilicum L.','1.5','2','1','Planta introducida, originaria de India y algunas partes tropicales de Asia.','es visitada por una multitud de polinizadores que van desde abejas meliponinas, enjambre (Apis mellifera), mariposas, avispas y abejas solitarias.');

INSERT or IGNORE INTO "planta" VALUES (5,1,'Naranja','Rutaceae','Citrus sinensis (L.) Osbeck','1.5','2','1','Planta introducida, originaria de India y algunas partes tropicales de Asia.','es visitada por una multitud de polinizadores que van desde abejas meliponinas, enjambre (Apis mellifera), mariposas, avispas y abejas solitarias.');
INSERT or IGNORE INTO "planta" VALUES (6,1,'Chalahuite','Fabaceae','Inga vera Wiild','1.5','2','1','Planta introducida, originaria de India y algunas partes tropicales de Asia.','es visitada por una multitud de polinizadores que van desde abejas meliponinas, enjambre (Apis mellifera), mariposas, avispas y abejas solitarias.');
INSERT or IGNORE INTO "planta" VALUES (7,2,'Moquillo','Actinidiaceae','Saurauia leucocarpa Schltdl','1.5','2','1','Planta introducida, originaria de India y algunas partes tropicales de Asia.','es visitada por una multitud de polinizadores que van desde abejas meliponinas, enjambre (Apis mellifera), mariposas, avispas y abejas solitarias.');
INSERT or IGNORE INTO "planta" VALUES (8,2,'Pomarrosa','Myrtaceae','Syzygium jambos (L.) Alston','1.5','2','1','Planta introducida, originaria de India y algunas partes tropicales de Asia.','es visitada por una multitud de polinizadores que van desde abejas meliponinas, enjambre (Apis mellifera), mariposas, avispas y abejas solitarias.');

/* El pirmero representa el id del periodo-fruto, el segundo representa id_planta y el tercer-ultimo representa el mes*/
INSERT or IGNORE INTO "periodo_fruto_flor" VALUES (1, 1, 'Florece', 1);
INSERT or IGNORE INTO "periodo_fruto_flor" VALUES (2, 1, 'Florece', 2);
INSERT or IGNORE INTO "periodo_fruto_flor" VALUES (3, 1, 'Florece', 3);
INSERT or IGNORE INTO "periodo_fruto_flor" VALUES (4, 2, 'Florece', 1);
INSERT or IGNORE INTO "periodo_fruto_flor" VALUES (5, 2, 'Florece', 2);
INSERT or IGNORE INTO "periodo_fruto_flor" VALUES (6, 2, 'Florece', 3);
INSERT or IGNORE INTO "periodo_fruto_flor" VALUES (7, 1, 'Fructifica', 11);
INSERT or IGNORE INTO "periodo_fruto_flor" VALUES (8, 1, 'Fructifica', 12);
INSERT or IGNORE INTO "periodo_fruto_flor" VALUES (9, 2, 'Fructifica', 2);
INSERT or IGNORE INTO "periodo_fruto_flor" VALUES (10, 2,'Fructifica', 3);
INSERT or IGNORE INTO "periodo_fruto_flor" VALUES (11, 2,'Fructifica', 4);
INSERT or IGNORE INTO "periodo_fruto_flor" VALUES (12, 2,'Fructifica', 5);
INSERT or IGNORE INTO "periodo_fruto_flor" VALUES (13, 3,'Florece', 3);
INSERT or IGNORE INTO "periodo_fruto_flor" VALUES (14, 3,'Florece', 4);
INSERT or IGNORE INTO "periodo_fruto_flor" VALUES (15, 3,'Fructifica', 12);
INSERT or IGNORE INTO "periodo_fruto_flor" VALUES (16, 3,'Fructifica', 1);
INSERT or IGNORE INTO "periodo_fruto_flor" VALUES (17, 3,'Fructifica', 2);

INSERT or IGNORE INTO "periodo_fruto_flor" VALUES (18, 4,'Florece', 1);
INSERT or IGNORE INTO "periodo_fruto_flor" VALUES (19, 4,'Florece', 2);
INSERT or IGNORE INTO "periodo_fruto_flor" VALUES (20, 4,'Florece', 3);
INSERT or IGNORE INTO "periodo_fruto_flor" VALUES (21, 4,'Florece', 4);
INSERT or IGNORE INTO "periodo_fruto_flor" VALUES (22, 4,'Florece', 5);
INSERT or IGNORE INTO "periodo_fruto_flor" VALUES (23, 4,'Florece', 6);
INSERT or IGNORE INTO "periodo_fruto_flor" VALUES (24, 4,'Florece', 7);
INSERT or IGNORE INTO "periodo_fruto_flor" VALUES (25, 4,'Florece', 8);
INSERT or IGNORE INTO "periodo_fruto_flor" VALUES (26, 4,'Florece', 9);
INSERT or IGNORE INTO "periodo_fruto_flor" VALUES (27, 4,'Florece', 10);
INSERT or IGNORE INTO "periodo_fruto_flor" VALUES (28, 4,'Florece', 11);
INSERT or IGNORE INTO "periodo_fruto_flor" VALUES (29, 4,'Florece', 12);

INSERT or IGNORE INTO "periodo_fruto_flor" VALUES (30, 4,'Fructifica', 1);
INSERT or IGNORE INTO "periodo_fruto_flor" VALUES (31, 4,'Fructifica', 2);
INSERT or IGNORE INTO "periodo_fruto_flor" VALUES (32, 4,'Fructifica', 3);
INSERT or IGNORE INTO "periodo_fruto_flor" VALUES (33, 4,'Fructifica', 4);
INSERT or IGNORE INTO "periodo_fruto_flor" VALUES (34, 4,'Fructifica', 5);
INSERT or IGNORE INTO "periodo_fruto_flor" VALUES (35, 4,'Fructifica', 6);
INSERT or IGNORE INTO "periodo_fruto_flor" VALUES (36, 4,'Fructifica', 7);
INSERT or IGNORE INTO "periodo_fruto_flor" VALUES (37, 4,'Fructifica', 8);
INSERT or IGNORE INTO "periodo_fruto_flor" VALUES (38, 4,'Fructifica', 9);
INSERT or IGNORE INTO "periodo_fruto_flor" VALUES (39, 4,'Fructifica', 10);
INSERT or IGNORE INTO "periodo_fruto_flor" VALUES (40, 4,'Fructifica', 11);
INSERT or IGNORE INTO "periodo_fruto_flor" VALUES (41, 4,'Fructifica', 12);



/* el primero es el id de imagen planta, el segundo es el id de planta*/
INSERT or IGNORE INTO "imagen_planta" VALUES (1,1,'/assets/plantas/persea_1.JPG','/assets/plantas/persea_1.JPG','Sin autor');
INSERT or IGNORE INTO "imagen_planta" VALUES (2,2,'/assets/plantas/heliocarpus_1.JPG','/assets/plantas/heliocarpus_1.JPG','Sin autor');
INSERT or IGNORE INTO "imagen_planta" VALUES (3,3,'/assets/plantas/cafe.JPG','/assets/plantas/cafe.JPG','Sin autor');
INSERT or IGNORE INTO "imagen_planta" VALUES (4,4,'/assets/plantas/albahaca.jpg','/assets/plantas/albahaca.jpg','Sin autor');

INSERT or IGNORE INTO "imagen_planta" VALUES (5,5,'/assets/plantas/naranja.jpg','/assets/plantas/naranja.jpg','Sin autor');
INSERT or IGNORE INTO "imagen_planta" VALUES (6,6,'/assets/plantas/chalahuite.jpg','/assets/plantas/chalahuite.jpg','Sin autor');
INSERT or IGNORE INTO "imagen_planta" VALUES (7,7,'/assets/plantas/moquillo.jpg','/assets/plantas/moquillo.jpg','Sin autor');
INSERT or IGNORE INTO "imagen_planta" VALUES (8,8,'/assets/plantas/pomarosa.jpg','/assets/plantas/pomarosa.jpg','Sin autor');

/*primero valor representa el id del grupo de abejas*/
INSERT or IGNORE INTO "abeja_grupo" VALUES (1,'Abeja melífera','Apidae','Apini','Introducida', 'Altamente sociales', 'Colmena con una reina y miles de obreras. Anidan en cavidades naturales o en cajones brindados por el ser humano', '/assets/abeja_grupo/abeja_melifera_1.jpg');
INSERT or IGNORE INTO "abeja_grupo" VALUES (2,'Abejas sin aguijón','Apidae','Meliponini','Nativa', 'Altamente sociales', 'Nido con una reina y cientos a miles de obreras. Anidan en huecos de árboles, paredes, u ollas y cajas proporcionadas por el ser humano. Anidan en el suelo.No poseen aguijón.Muerden como método de defensa', '/assets/abeja_grupo/abeja_sin_aguijon_1.png');
INSERT or IGNORE INTO "abeja_grupo" VALUES (3,'Abejorros o Jicotes','Apidae','Bomboini','Nativa', 'Sociales', 'Nido con una reina y cientos de obreras. Anidan en el suelo. en madrigueras abandonadas de mamíferos pequeños, debajo de madera apilada o de la hojarasca.', '/assets/abeja_grupo/abejorro_jicote.jpg');
INSERT or IGNORE INTO "abeja_grupo" VALUES (4,'Abejas de las orquídeas','Apidae','Euglossini','Nativa', 'Solitarias', 'Los machos colectan perfumes que almacenan en sus patas posteriores especialmente modificadas, y que luego usan para atraer a las hembras durante el cortejo.', '/assets/abeja_grupo/abeja_orquideas.jpg');
INSERT or IGNORE INTO "abeja_grupo" VALUES (5,'Abejas carpinteras','Apidae','Xylocopini','Nativa', 'Comunales', 'Varias hembras comparten un nido y el cuidado de las frías. Anidan en madera muerta (donde construyen sus galerías) o en ramas de bambú o carrizo.', '/assets/abeja_grupo/abeja_carpinteras.jpg');
INSERT or IGNORE INTO "abeja_grupo" VALUES (6,'Abejas cortadoras de hojas','Megachilidae','Megachilini','Nativa', 'Solitarias', 'Una hembra construye su nido. Usan trozos de hojas y pétalos para recubrir el interior del nido. Anidan en cavidades como ramas huecas, huecos en árboles, orificios en edificaciones.', '/assets/abeja_grupo/abeja_cotadora_de_hojas.jpg');


/* el primero es el id de especie de abeja, el segundo es el id del grupo de abejas*/
INSERT or IGNORE INTO "especie_abeja" VALUES (1,1, 'Abeja de miel','Apis mellifera','Linnaeus','1758', 'Desconocido', 'Colmena con una reina y miles de obreras. Anidan en cavidades naturales o en cajones brindados por el ser humano', 'Sus flores son visitadas por abejas nativas como Scaptotrigona mexicana (la negrita) y por Apis mellifera (abeja mielera)');
INSERT or IGNORE INTO "especie_abeja" VALUES (2,2, 'Negrita','Scaptotrigona mexicana','Guérin-Méneville','1845', 'México y Centroamérica', 'No son capaces de regular su temperatura, la estructura de su nido permite guardar el calor. Hacen sus colmenas en huecos de árboles o paredes.', 'Miel, cera, propóleos. Es la especie mas ampliamente manejada en Veracruz y Puebla.');
INSERT or IGNORE INTO "especie_abeja" VALUES (3,2, 'Abeja de tierra, colmena león','Trigona fulviventris','Guérin-Méneville','1845', 'México y Centroamérica', 'No son capaces de regular su temperatura, la estructura de su nido permite guardar el calor. Hacen sus colmenas en huecos de árboles o paredes.', 'Sin aprovechamiento para eñ ser humano');
INSERT or IGNORE INTO "especie_abeja" VALUES (4,3, 'Jicote, abejorro serrano','Bombus medius','Cresson,','1863', 'México y Centroamérica', 'De color rojo', 'Sin aprovechamiento para eñ ser humano');
INSERT or IGNORE INTO "especie_abeja" VALUES (5,3, 'Abejorro rojizo','Bombus ephippiatus','Say','1837', 'Región neotropical y neártica', ' De colar rojo', 'Polinizador en cultivos de tomate');


/* el primero representa el id de especie, el segundo el id de la especie_abeja */
INSERT or IGNORE INTO "imagen_especie_abeja" VALUES (1,1,'/assets/abeja_especie/abeja_melifera_1.jpg','/assets/abeja_especie/abeja_melifera_1.jpg','Sin autor');
INSERT or IGNORE INTO "imagen_especie_abeja" VALUES (2,2,'/assets/abeja_especie/negrita.jpg','/assets/abeja_especie/negrita.jpg','Sin autor');
INSERT or IGNORE INTO "imagen_especie_abeja" VALUES (3,3,'/assets/abeja_especie/abeja_tierra.jpeg','/assets/abeja_especie/abeja_tierra.jpeg','Sin autor');
INSERT or IGNORE INTO "imagen_especie_abeja" VALUES (4,4,'/assets/abeja_especie/abejorro_serrano.jpg','/assets/abeja_especie/abejorro_serrano.jpg','Sin autor');
INSERT or IGNORE INTO "imagen_especie_abeja" VALUES (5,5,'/assets/abeja_especie/abejorro_rojo.jpg','/assets/abeja_especie/abejorro_rojo.jpg','Sin autor');

INSERT or IGNORE INTO "imagen_especie_abeja" VALUES (6,6,'/assets/abeja_especie/abeja_melifera_1.jpg','/assets/abeja_especie/abeja_melifera_1.jpg','Sin autor');
INSERT or IGNORE INTO "imagen_especie_abeja" VALUES (7,1,'/assets/abeja_especie/abeja_melifera_1.jpg','/assets/abeja_especie/abeja_melifera_1.jpg','Sin autor');
INSERT or IGNORE INTO "imagen_especie_abeja" VALUES (8,2,'/assets/abeja_especie/abeja_melifera_1.jpg','/assets/abeja_especie/abeja_melifera_1.jpg','Sin autor');
INSERT or IGNORE INTO "imagen_especie_abeja" VALUES (9,3,'/assets/abeja_especie/abeja_melifera_1.jpg','/assets/abeja_especie/abeja_melifera_1.jpg','Sin autor');
INSERT or IGNORE INTO "imagen_especie_abeja" VALUES (10,4,'/assets/abeja_especie/abeja_melifera_1.jpg','/assets/abeja_especie/abeja_melifera_1.jpg','Sin autor');
INSERT or IGNORE INTO "imagen_especie_abeja" VALUES (11,5,'/assets/abeja_especie/abeja_melifera_1.jpg','/assets/abeja_especie/abeja_melifera_1.jpg','Sin autor');
INSERT or IGNORE INTO "imagen_especie_abeja" VALUES (12,6,'/assets/abeja_especie/abeja_melifera_1.jpg','/assets/abeja_especie/abeja_melifera_1.jpg','Sin autor');
INSERT or IGNORE INTO "imagen_especie_abeja" VALUES (13,1,'/assets/abeja_especie/abeja_melifera_1.jpg','/assets/abeja_especie/abeja_melifera_1.jpg','Sin autor');


/* El primero representa el id de la relacion_abeja, el segundo representa el id de planta, el tercero el id especie abeja*/
INSERT or IGNORE INTO "relacion_abeja_planta" VALUES (1, 1, 1);
INSERT or IGNORE INTO "relacion_abeja_planta" VALUES (2, 1, 2);
INSERT or IGNORE INTO "relacion_abeja_planta" VALUES (3, 2, 3);
INSERT or IGNORE INTO "relacion_abeja_planta" VALUES (4, 2, 4);
INSERT or IGNORE INTO "relacion_abeja_planta" VALUES (5, 3, 5);
INSERT or IGNORE INTO "relacion_abeja_planta" VALUES (6, 3, 1);
INSERT or IGNORE INTO "relacion_abeja_planta" VALUES (7, 4, 2);
INSERT or IGNORE INTO "relacion_abeja_planta" VALUES (8, 4, 3);

INSERT or IGNORE INTO "relacion_abeja_planta" VALUES (10, 3, 4);


/* Proceso Polinizacion*/
INSERT or IGNORE INTO "polinizacion" VALUES (1, 'Proceso por el cual las plantas completan la reproducción sexual. Involucra la liberación de los granos de polen de la antera, su transporte y depósito y crecimiento en el órgano sexual femenino, donde se lleva a cabo la fecundación del óvulo.', '/assets/polizacion/polinizacion.png');


INSERT or IGNORE INTO "descargable" VALUES (1, 'Información', 'Convenio sobre la diversidad Biológica', 'https://www.cbd.int/doc/meetings/cop/cop-13/in-session/cop-13-l-07-es.pdf');
INSERT or IGNORE INTO "descargable" VALUES (2, 'Información', 'El cultivo del shiitake', 'https://www.inecol.mx/inecol/images/pdf/El_cultivo_del_shiitake.pdf');
INSERT or IGNORE INTO "descargable" VALUES (3, 'Información', 'Biodiversidad y otros servicios ambientales en cafetales', 'http://www1.inecol.edu.mx/publicaciones/Biodiversidad_en_cafetales_webx.pdf');
INSERT or IGNORE INTO "descargable" VALUES (4, 'Información', 'El suelo y el petróleo', 'https://www.inecol.mx/inecol/images/pdf/Folleto_suelo_petroleo_VerFinal.pdf');
INSERT or IGNORE INTO "descargable" VALUES (5, 'Información', 'Caja de herramientas para la formación ambiental', 'https://www.inecol.mx/inecol/images/pdf/Caja_de%20Herramientas_FA.pdf');
INSERT or IGNORE INTO "descargable" VALUES (6, 'Información', 'La función de la gallina ciega en los pastizales', 'http://www1.inecol.edu.mx/cv/CV_pdf/libros/LibroGallinaciega_2016.pdf');
INSERT or IGNORE INTO "descargable" VALUES (7, 'Información', 'Los escarabajos del estiércol en los potreros ganaderos de Xico', 'http://www1.inecol.edu.mx/cv/CV_pdf/libros/LibroEscarabajosXico_2016.pdf');
INSERT or IGNORE INTO "descargable" VALUES (8, 'Información', 'La polinizacion de las abejas', 'http://www1.inecol.edu.mx/cv/CV_pdf/libros/LibroEscarabajosXico_2016.pdf');

INSERT or IGNORE INTO "descargable" VALUES (8, 'Juego', 'Loteria abejas melíferas', 'http://www1.inecol.edu.mx/cv/CV_pdf/libros/LibroEscarabajosXico_2016.pdf');
INSERT or IGNORE INTO "descargable" VALUES (9, 'Juego', 'Memorama plantas y abejas', 'http://www1.inecol.edu.mx/cv/CV_pdf/libros/LibroEscarabajosXico_2016.pdf');
INSERT or IGNORE INTO "descargable" VALUES (10, 'Juego', 'Serpientes y escaleras abejas Api', 'http://www1.inecol.edu.mx/cv/CV_pdf/libros/LibroEscarabajosXico_2016.pdf');
INSERT or IGNORE INTO "descargable" VALUES (11, 'Juego', 'Loteria plantas', 'http://www1.inecol.edu.mx/cv/CV_pdf/libros/LibroEscarabajosXico_2016.pdf');

INSERT or IGNORE INTO "seccion_informacion" VALUES (1, 'Biodiversidad', '/assets/biodiv.png');
INSERT or IGNORE INTO "seccion_informacion" VALUES (2, 'Abejas', '/assets/abejas.png');
INSERT or IGNORE INTO "seccion_informacion" VALUES (3, 'Plantas', '/assets/plantas.png');
INSERT or IGNORE INTO "seccion_informacion" VALUES (4, 'Polinización', '/assets/polinizacion.png');
INSERT or IGNORE INTO "seccion_informacion" VALUES (5, 'Descargables', '/assets/descargables.png');

/* Conceptos en paginas de informacion */
/* primero es el id del conceptop, segundo es el id de la seccion de informacion*/

INSERT or IGNORE INTO "concepto" VALUES (1, 1, 'Diversidad Biológica', 'Todas las formas de vida del planeta.');
INSERT or IGNORE INTO "concepto" VALUES (2, 1, 'Diversidad Biocultural', 'La variedad de expresiones que resultan de la relación entre el ser humano con la naturaleza. Ejemplos son: la siembra de la milpa o el manejo de abejas nativas, hasta modos de vida tradicionales y el conocimiento ecológico asociado.');
INSERT or IGNORE INTO "concepto" VALUES (3, 1, 'Diversidad de Ecosistemas', ' Un ecosistema es un sistema biológico que se constituye de una comunidad de organismos vivos y su interacción con el ambiente físico. En México existe gran diversidad de biomas, que son ecosistemas a grandes escalas, y que se refieren a la composición de flora y fauna de una región en particular determinada por un conjunto de factores climáticos y geológicos específicos.');

INSERT or IGNORE INTO "concepto" VALUES (4, 4, 'Polinización activa o biótica', 'Polinización que se produce por la acción de un animal que visita una flor.');
INSERT or IGNORE INTO "concepto" VALUES (5, 4, 'Polinización Pasiva', 'Polinización que ocurre por medio de aire o agua.');
INSERT or IGNORE INTO "concepto" VALUES (6, 4, 'Recompensas florales', 'Elementos de la flor que son utilizados para atraer polinizadores y que son utilizados por éstos. Pueden ser alimento (polen y néctar) o perfumes (aceites).');
INSERT or IGNORE INTO "concepto" VALUES (7, 4, 'Polinización entomófila', 'Polinización por insectos (abejas, moscas, mariposas, etc.)');

INSERT or IGNORE INTO "concepto" VALUES (8, 3, 'Flor', 'Órgano reproductivo de las plantas que se conforma de cuatro verticilos: una corola (pétalos), cáliz (sépalos) y de los órganos sexuales masculinos y femeninos.');
INSERT or IGNORE INTO "concepto" VALUES (9, 3, 'Órgano sexual femenino', 'Se conforma del estilo, estigma y ovario.');
INSERT or IGNORE INTO "concepto" VALUES (10, 3, 'Estigma', 'Estructura especializada para recibir el polen.');
INSERT or IGNORE INTO "concepto" VALUES (11, 3, 'Estilo', 'Estructura especializada para conducir tubos polínicos.');
INSERT or IGNORE INTO "concepto" VALUES (12, 3, 'Ovario', 'Estructura del órgano sexual femenino que contiene a las ovocélulas.');
INSERT or IGNORE INTO "concepto" VALUES (13, 3, 'Óvulo', 'Célula sexual femenina. Pueden estar contenidas en un ovario o expuestas.');
INSERT or IGNORE INTO "concepto" VALUES (14, 3, 'Órgano sexual Masculino', 'Se conoce como estambre y se conforma del filamento y las anteras donde se desarrolla el polen.');
INSERT or IGNORE INTO "concepto" VALUES (15, 3, 'Antera', 'Estructura del órgano sexual masculino que contiene al polen.');
INSERT or IGNORE INTO "concepto" VALUES (16, 3, 'Polen', 'Unidad de trasporte de las células reproductivas masculinas de la planta. El grano de polen se encuentra rodeado de una pared celular rica en proteínas que le da identidad, forma y soporte.');
INSERT or IGNORE INTO "concepto" VALUES (17, 3, 'Néctar', 'Secreción de la planta rica en azúcares y que sirve de alimento para animales.');
INSERT or IGNORE INTO "concepto" VALUES (18, 3, 'Semilla', 'Producto de la reproducción sexual de las plantas que contiene al em');

/*Datos curiosos*/
INSERT or IGNORE INTO "dato_curioso" VALUES (1, 1, 'México se considera un país megadiverso pues contiene alrededor del 10% del total de las especies del mundo que junto con otros 12 países suman 70% de la biodiversidad total.');
INSERT or IGNORE INTO "dato_curioso" VALUES (2, 1, 'México ocupa el quinto lugar en especies de plantas, el segundo en anfibios y el tercero en mamíferos.');
INSERT or IGNORE INTO "dato_curioso" VALUES (3, 1, 'En México existen siete ecosistemas terrestres principales: selva húmeda, selva seca, bosque templado, bosque mesófilo de montaña, pastizal, matorral y dunas costeras.');
INSERT or IGNORE INTO "dato_curioso" VALUES (4, 1, 'El Jardín Botánico Javier Clavijero se encuentra inmerso dentro del bioma húmedo de montaña que corresponde al bosque mesófilo de montaña, también conocido como bosque de niebla.');

INSERT or IGNORE INTO "dato_curioso" VALUES (5, 4, 'Entre los polinizadores más importantes se consideran a las abejas, pero también puede haber otros insectos, como las mariposas, que son importantes, incluso animales como aves y mamíferos, incluyendo a los murciélagos que son invaluables como agentes polinizadores.');
INSERT or IGNORE INTO "dato_curioso" VALUES (6, 4, 'La crisis de polinizadores se refiere a la reducción que existe en el número de especies de polinizadores asociado a enfermedades, contaminación y pérdida de hábitat.');
INSERT or IGNORE INTO "dato_curioso" VALUES (7, 4, 'Existe mucho desconocimiento sobre que especies de polinizadores están en riesgo, pero se sabe que existe una pérdida de colmenas de Apis mellifera que alerta sobre este fenómeno.');

INSERT or IGNORE INTO "dato_curioso" VALUES (8, 3, 'Existen aproximadamente 250,000 especies de plantas con flor en el mundo y en México se desarrolla alrededor del 10% de ellas (aproximadamente 25,000 especies).');
INSERT or IGNORE INTO "dato_curioso" VALUES (9, 3, 'El 87% de las plantas con flores son polinizadas por animales (vertebrados e insectos), y con ello obtienen la posibilidad de producir frutos y semillas.');
INSERT or IGNORE INTO "dato_curioso" VALUES (10, 3, 'El 75% de los principales cultivos de consumo humano se benefician de la polinización por animales. Por tal razón, el servicio ecosistémico de la polinización es invaluable.');

/*DROP TABLE concepto;
DROP TABLE dato_curioso;*/

/*
update tipo_planta set ruta_imagen_tipo_planta = '/assets/tipo_planta/arbusto_1.png' where tipo_planta.id_tipo_planta = 1;
update tipo_planta set ruta_imagen_tipo_planta = '/assets/tipo_planta/arbol_1.png' where tipo_planta.id_tipo_planta = 2;
*/

